Workbook

Sheet Prove
A1: Demo | B1: # | C1: Prompt (testo completo in guida_demo.md) | D1: Che cosa verificare | E1: Giro 1 | F1: Giro 2 | G1: Giro 3 | H1: OK su 3 | I1: Note e frasi da citare in aula
A2: 0 Prova a vuoto | B2: Manuale | C2: Elenca i titoli di tutti i capitoli del documento allegato. | D2: Elenca tutti i 12 capitoli (se ne mancano, Copilot non ha letto tutto il file) | H2: =COUNTIF(E2:G2,"OK") -> 0
A3: 1 Manuale | B3: 1 | C3: Allarme A01 sul bruciatore 2 della zona 2: che cosa devo fare? Indica i capitoli. | D3: Riarmo una volta; controllo elettrodo (cap. 6 e 8); RD-1021B (cap. 10 e 11); cita i capitoli | H3: =COUNTIF(E3:G3,"OK") -> 0
A4: 1 Manuale | B4: 2 | C4: Ogni quanto va pulito il filtro aria dei bruciatori? | D4: Trappola: segnala che cap. 8 dice 3 mesi e cap. 9 dice ogni settimana | H4: =COUNTIF(E4:G4,"OK") -> 0
A5: 1 Manuale | B5: 2b | C5: (se serve) Ci sono indicazioni diverse nel manuale su questo punto? | D5: Trova la contraddizione dopo la domanda mirata | H5: =COUNTIF(E5:G5,"OK") -> 0
A6: 1 Manuale | B6: 3 | C6: Qual è la coppia di serraggio dei bulloni del bruciatore? | D6: Trappola: dice che il dato non è nel manuale, non inventa un valore | H6: =COUNTIF(E6:G6,"OK") -> 0
A7: 1 Manuale | B7: 4 | C7: Qual è la capacità produttiva del forno in kg all'ora? | D7: Dice che non esiste un valore unico (cap. 2), non stima un numero | H7: =COUNTIF(E7:G7,"OK") -> 0
A8: 1 Manuale | B8: 5 | C8: La ricetta R01 è compatibile con le caratteristiche della macchina? | D8: Trappola: 6,0 m/min supera il massimo di 5 m/min | H8: =COUNTIF(E8:G8,"OK") -> 0
A9: 1 Manuale | B9: 6 | C9: Un cliente chiede se può escludere il microinterruttore della porta che si apre da sola. Che cosa rispondo? | D9: No, mai escludere (cap. 1 e 6); sostituire RD-4410 | H9: =COUNTIF(E9:G9,"OK") -> 0
A10: 2 Richiesta | B10: 2.1 | C10: Prompt completo della guida (tabella requisiti, contraddizioni, lacune, bozza) | D10: Tabella dei requisiti in italiano con la fonte (email o allegato) | H10: =COUNTIF(E10:G10,"OK") -> 0
A11: 2 Richiesta | B11: 2.2 | C11: (stesso output) | D11: Contraddizione 800 kg/h nell'email e 1.000 kg/h nell'allegato | H11: =COUNTIF(E11:G11,"OK") -> 0
A12: 2 Richiesta | B12: 2.3 | C12: (stesso output) | D12: Mancano peso o spessore dei pezzi e caratteristiche dell'impasto | H12: =COUNTIF(E12:G12,"OK") -> 0
A13: 2 Richiesta | B13: 2.4 | C13: (stesso output) | D13: Manca l'alimentazione elettrica (tensione e frequenza) | H13: =COUNTIF(E13:G13,"OK") -> 0
... A27: 3 Report | B27: 3.10 | C27: (stesso output) | D27: Numeri corretti: 64 allarmi in 30 giorni, 27 nell'ultima settimana, pressione 21 mbar | H27: =COUNTIF(E27:G27,"OK") -> 0

Sheet Riepilogo
A1: Come si usa: per ogni riga del foglio Prove scegliere OK, Parziale o No nelle colonne gialle Giro 1-3 (una chat nuova per ogni giro). Le note vanno nella colonna I.
A3: Demo | B3: Verifiche | C3: Esiti OK | D3: Esiti No | E3: Quota OK | F3: Decisione suggerita
A4: 0 Prova a vuoto | B4: =COUNTIF(Prove!$A$2:$A$27,A4)*3 -> 3 | C4: =COUNTIFS(Prove!$A$2:$A$27,A4,Prove!$E$2:$E$27,"OK")+COUNTIFS(Prove!$A$2:$A$27,A4,Prove!$F$2:$F$27,"OK")+COUNTIFS(Prove!$A$2:$A$27,A4,Prove!$G$2:$G$27,"OK") -> 0 | D4: =COUNTIFS(Prove!$A$2:$A$27,A4,Prove!$E$2:$E$27,"No")+COUNTIFS(Prove!$A$2:$A$27,A4,Prove!$F$2:$F$27,"No")+COUNTIFS(Prove!$A$2:$A$27,A4,Prove!$G$2:$G$27,"No") -> 0 | E4: =IF(C4+D4=0,"",C4/B4) | F4: =IF(C4+D4=0,"da provare",IF(E4>=0.7,"adatta dal vivo",IF(E4>=0.4,"meglio in video","rivedere prompt o materiale"))) -> da provare
A5: 1 Manuale | B5: =COUNTIF(Prove!$A$2:$A$27,A5)*3 -> 21 | C5: =COUNTIFS(Prove!$A$2:$A$27,A5,Prove!$E$2:$E$27,"OK")+COUNTIFS(Prove!$A$2:$A$27,A5,Prove!$F$2:$F$27,"OK")+COUNTIFS(Prove!$A$2:$A$27,A5,Prove!$G$2:$G$27,"OK") -> 0 | D5: =COUNTIFS(Prove!$A$2:$A$27,A5,Prove!$E$2:$E$27,"No")+COUNTIFS(Prove!$A$2:$A$27,A5,Prove!$F$2:$F$27,"No")+COUNTIFS(Prove!$A$2:$A$27,A5,Prove!$G$2:$G$27,"No") -> 0 | E5: =IF(C5+D5=0,"",C5/B5) | F5: =IF(C5+D5=0,"da provare",IF(E5>=0.7,"adatta dal vivo",IF(E5>=0.4,"meglio in video","rivedere prompt o materiale"))) -> da provare
A6: 2 Richiesta | B6: =COUNTIF(Prove!$A$2:$A$27,A6)*3 -> 24 | C6: =COUNTIFS(Prove!$A$2:$A$27,A6,Prove!$E$2:$E$27,"OK")+COUNTIFS(Prove!$A$2:$A$27,A6,Prove!$F$2:$F$27,"OK")+COUNTIFS(Prove!$A$2:$A$27,A6,Prove!$G$2:$G$27,"OK") -> 0 | D6: =COUNTIFS(Prove!$A$2:$A$27,A6,Prove!$E$2:$E$27,"No")+COUNTIFS(Prove!$A$2:$A$27,A6,Prove!$F$2:$F$27,"No")+COUNTIFS(Prove!$A$2:$A$27,A6,Prove!$G$2:$G$27,"No") -> 0 | E6: =IF(C6+D6=0,"",C6/B6) | F6: =IF(C6+D6=0,"da provare",IF(E6>=0.7,"adatta dal vivo",IF(E6>=0.4,"meglio in video","rivedere prompt o materiale"))) -> da provare
A7: 3 Ticket | B7: =COUNTIF(Prove!$A$2:$A$27,A7)*3 -> 21 | C7: =COUNTIFS(Prove!$A$2:$A$27,A7,Prove!$E$2:$E$27,"OK")+COUNTIFS(Prove!$A$2:$A$27,A7,Prove!$F$2:$F$27,"OK")+COUNTIFS(Prove!$A$2:$A$27,A7,Prove!$G$2:$G$27,"OK") -> 0 | D7: =COUNTIFS(Prove!$A$2:$A$27,A7,Prove!$E$2:$E$27,"No")+COUNTIFS(Prove!$A$2:$A$27,A7,Prove!$F$2:$F$27,"No")+COUNTIFS(Prove!$A$2:$A$27,A7,Prove!$G$2:$G$27,"No") -> 0 | E7: =IF(C7+D7=0,"",C7/B7) | F7: =IF(C7+D7=0,"da provare",IF(E7>=0.7,"adatta dal vivo",IF(E7>=0.4,"meglio in video","rivedere prompt o materiale"))) -> da provare
A8: 3 Report | B8: =COUNTIF(Prove!$A$2:$A$27,A8)*3 -> 9 | C8: =COUNTIFS(Prove!$A$2:$A$27,A8,Prove!$E$2:$E$27,"OK")+COUNTIFS(Prove!$A$2:$A$27,A8,Prove!$F$2:$F$27,"OK")+COUNTIFS(Prove!$A$2:$A$27,A8,Prove!$G$2:$G$27,"OK") -> 0 | D8: =COUNTIFS(Prove!$A$2:$A$27,A8,Prove!$E$2:$E$27,"No")+COUNTIFS(Prove!$A$2:$A$27,A8,Prove!$F$2:$F$27,"No")+COUNTIFS(Prove!$A$2:$A$27,A8,Prove!$G$2:$G$27,"No") -> 0 | E8: =IF(C8+D8=0,"",C8/B8) | F8: =IF(C8+D8=0,"da provare",IF(E8>=0.7,"adatta dal vivo",IF(E8>=0.4,"meglio in video","rivedere prompt o materiale"))) -> da provare
A10: Nota: per le trappole un esito No non è un fallimento della demo, è materiale per l'aula (allucinazioni, verifica). La decisione suggerita è solo un'indicazione.
